entity_id,canonical_text,preferred_text,aliases,count_in_page,entity_label,entity_class,page_context,url
Character:alekhine-bf6684,Alekhine,Alekhine,Alekhine,1,PERSON,Character,IN_UNIVERSE,https://the-queens-gambit.fandom.com/wiki/Fork
Character:alice-2e1f17,Alice,Alice,Alice,15,PERSON,Character,IN_UNIVERSE,https://the-queens-gambit.fandom.com/wiki/Alice_Harmon
Character:alice-2e1f17,Alice,Alice,Alice,6,PERSON,Character,IN_UNIVERSE,https://the-queens-gambit.fandom.com/wiki/End_Game
Character:alice_harmon-5d125e,Alice Harmon,Alice Harmon,Alice Harmon,1,PERSON,Character,IN_UNIVERSE,https://the-queens-gambit.fandom.com/wiki/Adjournment
Character:alice_harmon-5d125e,Alice Harmon,Alice Harmon,Alice Harmon,1,PERSON,Character,IN_UNIVERSE,https://the-queens-gambit.fandom.com/wiki/Alice_Harmon
Character:alice_harmon-5d125e,Alice Harmon,Alice Harmon,Alice Harmon,1,PERSON,Character,IN_UNIVERSE,https://the-queens-gambit.fandom.com/wiki/Doubled_Pawns
Character:alice_harmon-5d125e,Alice Harmon,Alice Harmon,Alice Harmon,3,PERSON,Character,IN_UNIVERSE,https://the-queens-gambit.fandom.com/wiki/End_Game
Character:alice_harmon-5d125e,Alice Harmon,Alice Harmon,Alice Harmon,1,PERSON,Character,IN_UNIVERSE,https://the-queens-gambit.fandom.com/wiki/Fork
Character:alice_harmon-5d125e,Alice Harmon,Alice Harmon,Alice Harmon,1,PERSON,Character,IN_UNIVERSE,https://the-queens-gambit.fandom.com/wiki/Openings
Character:allston-3e52a1,Allston,Allston,Allston,2,PERSON,Character,IN_UNIVERSE,https://the-queens-gambit.fandom.com/wiki/Exchanges
Character:allston_wheatley-c010b8,Allston Wheatley,Allston Wheatley,Allston Wheatley,1,PERSON,Character,IN_UNIVERSE,https://the-queens-gambit.fandom.com/wiki/Adjournment
Character:allston_wheatley-c010b8,Allston Wheatley,Allston Wheatley,Allston Wheatley,2,PERSON,Character,IN_UNIVERSE,https://the-queens-gambit.fandom.com/wiki/Exchanges
Character:allston_wheatley-c010b8,Allston Wheatley,Allston Wheatley,Allston Wheatley,1,PERSON,Character,IN_UNIVERSE,https://the-queens-gambit.fandom.com/wiki/Middle_Game
Character:alma-f59b48,Alma,Alma,Alma,2,PERSON,Character,IN_UNIVERSE,https://the-queens-gambit.fandom.com/wiki/Adjournment
Character:alma-f59b48,Alma,Alma,Alma,13,PERSON,Character,IN_UNIVERSE,https://the-queens-gambit.fandom.com/wiki/Doubled_Pawns
Character:alma-f59b48,Alma,Alma,Alma,15,PERSON,Character,IN_UNIVERSE,https://the-queens-gambit.fandom.com/wiki/Exchanges
Character:alma-f59b48,Alma,Alma,Alma,1,PERSON,Character,IN_UNIVERSE,https://the-queens-gambit.fandom.com/wiki/Fork
Character:alma-f59b48,Alma,Alma,Alma,14,PERSON,Character,IN_UNIVERSE,https://the-queens-gambit.fandom.com/wiki/Middle_Game
Character:alma_wheatley-5ca547,Alma Wheatley,Alma Wheatley,Alma Wheatley,1,PERSON,Character,IN_UNIVERSE,https://the-queens-gambit.fandom.com/wiki/Doubled_Pawns
Character:alma_wheatley-5ca547,Alma Wheatley,Alma Wheatley,Alma Wheatley,2,PERSON,Character,IN_UNIVERSE,https://the-queens-gambit.fandom.com/wiki/Exchanges
Character:annette-dc37f6,Annette,Annette,Annette,1,PERSON,Character,IN_UNIVERSE,https://the-queens-gambit.fandom.com/wiki/Exchanges
Character:annette_packer-6789c0,Annette Packer,Annette Packer,Annette Packer,1,PERSON,Character,IN_UNIVERSE,https://the-queens-gambit.fandom.com/wiki/Adjournment
Character:annette_packer-6789c0,Annette Packer,Annette Packer,Annette Packer,1,PERSON,Character,IN_UNIVERSE,https://the-queens-gambit.fandom.com/wiki/Exchanges
Character:arthur_levertov-2b1381,Arthur Levertov,Arthur Levertov,Arthur Levertov,1,PERSON,Character,IN_UNIVERSE,https://the-queens-gambit.fandom.com/wiki/Adjournment
Character:beltik-11889c,Beltik,Beltik,Beltik,4,PERSON,Character,IN_UNIVERSE,https://the-queens-gambit.fandom.com/wiki/Adjournment
Character:beltik-11889c,Beltik,Beltik,Beltik,1,PERSON,Character,IN_UNIVERSE,https://the-queens-gambit.fandom.com/wiki/D.L._Townes
Character:beltik-11889c,Beltik,Beltik,Beltik,1,PERSON,Character,IN_UNIVERSE,https://the-queens-gambit.fandom.com/wiki/End_Game
Character:beltik-11889c,Beltik,Beltik,Beltik,4,PERSON,Character,IN_UNIVERSE,https://the-queens-gambit.fandom.com/wiki/Exchanges
Character:beltik-11889c,Beltik,Beltik,Beltik,16,PERSON,Character,IN_UNIVERSE,https://the-queens-gambit.fandom.com/wiki/Fork
Character:benny-c852c3,Benny,Benny,Benny,14,PERSON,Character,IN_UNIVERSE,https://the-queens-gambit.fandom.com/wiki/Adjournment
Character:benny-c852c3,Benny,Benny,Benny,4,PERSON,Character,IN_UNIVERSE,https://the-queens-gambit.fandom.com/wiki/Doubled_Pawns
Character:benny-c852c3,Benny,Benny,Benny,2,PERSON,Character,IN_UNIVERSE,https://the-queens-gambit.fandom.com/wiki/End_Game
Character:benny-c852c3,Benny,Benny,Benny,9,PERSON,Character,IN_UNIVERSE,https://the-queens-gambit.fandom.com/wiki/Fork
Character:benny_watts-5a7374,Benny Watts,Benny Watts,Benny Watts,1,PERSON,Character,IN_UNIVERSE,https://the-queens-gambit.fandom.com/wiki/D.L._Townes
Character:benny_watts-5a7374,Benny Watts,Benny Watts,Benny Watts,2,PERSON,Character,IN_UNIVERSE,https://the-queens-gambit.fandom.com/wiki/Doubled_Pawns
Character:benny_watts-5a7374,Benny Watts,Benny Watts,Benny Watts,2,PERSON,Character,IN_UNIVERSE,https://the-queens-gambit.fandom.com/wiki/End_Game
Character:beth-249771,Beth,Beth,Beth,27,PERSON,Character,IN_UNIVERSE,https://the-queens-gambit.fandom.com/wiki/Adjournment
Character:beth-249771,Beth,Beth,Beth,6,PERSON,Character,IN_UNIVERSE,https://the-queens-gambit.fandom.com/wiki/Alice_Harmon
Character:beth-249771,Beth,Beth,Beth,3,PERSON,Character,IN_UNIVERSE,https://the-queens-gambit.fandom.com/wiki/D.L._Townes
Character:beth-249771,Beth,Beth,Beth,43,PERSON,Character,IN_UNIVERSE,https://the-queens-gambit.fandom.com/wiki/Doubled_Pawns
Character:beth-249771,Beth,Beth,Beth,58,PERSON,Character,IN_UNIVERSE,https://the-queens-gambit.fandom.com/wiki/End_Game
Character:beth-249771,Beth,Beth,Beth,39,PERSON,Character,IN_UNIVERSE,https://the-queens-gambit.fandom.com/wiki/Exchanges
Character:beth-249771,Beth,Beth,Beth,31,PERSON,Character,IN_UNIVERSE,https://the-queens-gambit.fandom.com/wiki/Fork
Character:beth-249771,Beth,Beth,Beth,21,PERSON,Character,IN_UNIVERSE,https://the-queens-gambit.fandom.com/wiki/Middle_Game
Character:beth-249771,Beth,Beth,Beth,11,PERSON,Character,IN_UNIVERSE,https://the-queens-gambit.fandom.com/wiki/Mr._Shaibel
Character:beth-249771,Beth,Beth,Beth,22,PERSON,Character,IN_UNIVERSE,https://the-queens-gambit.fandom.com/wiki/Openings
Character:beth_harmon-ed307a,Beth Harmon,Beth Harmon,Beth Harmon,1,PERSON,Character,IN_UNIVERSE,https://the-queens-gambit.fandom.com/wiki/Adjournment
Character:beth_harmon-ed307a,Beth Harmon,Beth Harmon,Beth Harmon,1,PERSON,Character,IN_UNIVERSE,https://the-queens-gambit.fandom.com/wiki/Alice_Harmon
Character:beth_harmon-ed307a,Beth Harmon,Beth Harmon,Beth Harmon,4,PERSON,Character,IN_UNIVERSE,https://the-queens-gambit.fandom.com/wiki/D.L._Townes
Character:beth_harmon-ed307a,Beth Harmon,Beth Harmon,Beth Harmon,1,PERSON,Character,IN_UNIVERSE,https://the-queens-gambit.fandom.com/wiki/Doubled_Pawns
Character:beth_harmon-ed307a,Beth Harmon,Beth Harmon's,Beth Harmon's,1,PERSON,Character,IN_UNIVERSE,https://the-queens-gambit.fandom.com/wiki/Mr._Shaibel
Character:bill_camp-e94e52,Bill Camp,Bill Camp,Bill Camp,1,PERSON,Character,IN_UNIVERSE,https://the-queens-gambit.fandom.com/wiki/Mr._Shaibel
Character:borgov-1769f1,Borgov,Borgov,Borgov,10,PERSON,Character,IN_UNIVERSE,https://the-queens-gambit.fandom.com/wiki/Adjournment
Character:borgov-1769f1,Borgov,Borgov,Borgov,11,PERSON,Character,IN_UNIVERSE,https://the-queens-gambit.fandom.com/wiki/End_Game
Character:borgov-1769f1,Borgov,Borgov,Borgov,4,PERSON,Character,IN_UNIVERSE,https://the-queens-gambit.fandom.com/wiki/Fork
Character:borgov-1769f1,Borgov,Borgov,Borgov,3,PERSON,Character,IN_UNIVERSE,https://the-queens-gambit.fandom.com/wiki/Middle_Game
Character:bradley-38119b,Bradley,Bradley,Bradley,1,PERSON,Character,IN_UNIVERSE,https://the-queens-gambit.fandom.com/wiki/Fork
Character:bulova-453276,Bulova,Bulova,Bulova,1,PERSON,Character,IN_UNIVERSE,https://the-queens-gambit.fandom.com/wiki/Middle_Game
Character:charles_levy-c895d0,Charles Levy,Charles Levy,Charles Levy,1,PERSON,Character,IN_UNIVERSE,https://the-queens-gambit.fandom.com/wiki/Openings
Character:chloe_pirrie-27a06c,Chloe Pirrie,Chloe Pirrie,Chloe Pirrie,1,PERSON,Character,IN_UNIVERSE,https://the-queens-gambit.fandom.com/wiki/Alice_Harmon
Character:christopher-be8e34,Christopher,Christopher,Christopher,1,PERSON,Character,IN_UNIVERSE,https://the-queens-gambit.fandom.com/wiki/End_Game
Character:cleo-56b750,Cleo,Cleo,Cleo,5,PERSON,Character,IN_UNIVERSE,https://the-queens-gambit.fandom.com/wiki/Adjournment
Character:crawford_walker-446e1d,Crawford Walker,Crawford Walker,Crawford Walker,1,PERSON,Character,IN_UNIVERSE,https://the-queens-gambit.fandom.com/wiki/Adjournment
Character:cullen-6a8994,Cullen,Cullen,Cullen,2,PERSON,Character,IN_UNIVERSE,https://the-queens-gambit.fandom.com/wiki/Exchanges
Character:d_l_townes-fb4fc2,D.L. Townes,D.L. Townes,D.L. Townes,1,PERSON,Character,IN_UNIVERSE,https://the-queens-gambit.fandom.com/wiki/D.L._Townes
Character:deardorff-bf9589,Deardorff,Deardorff,Deardorff,3,PERSON,Character,IN_UNIVERSE,https://the-queens-gambit.fandom.com/wiki/End_Game
Character:deardorff-bf9589,Deardorff,Deardorff,Deardorff,2,PERSON,Character,IN_UNIVERSE,https://the-queens-gambit.fandom.com/wiki/Exchanges
Character:deardorff-bf9589,Deardorff,Deardorff,Deardorff,1,PERSON,Character,IN_UNIVERSE,https://the-queens-gambit.fandom.com/wiki/Openings
Character:elizabeth-e40884,Elizabeth,Elizabeth,Elizabeth,1,PERSON,Character,IN_UNIVERSE,https://the-queens-gambit.fandom.com/wiki/Alice_Harmon
Character:elizabeth-e40884,Elizabeth,Elizabeth,Elizabeth,1,PERSON,Character,IN_UNIVERSE,https://the-queens-gambit.fandom.com/wiki/End_Game
Character:elizabeth_harmon-314b5f,Elizabeth Harmon,Elizabeth Harmon,Elizabeth Harmon,1,PERSON,Character,IN_UNIVERSE,https://the-queens-gambit.fandom.com/wiki/End_Game
Character:elizabeth_harmon-314b5f,Elizabeth Harmon,Elizabeth Harmon,Elizabeth Harmon,1,PERSON,Character,IN_UNIVERSE,https://the-queens-gambit.fandom.com/wiki/Exchanges
Character:elizabeth_harmon-314b5f,Elizabeth Harmon,Elizabeth Harmon,Elizabeth Harmon,1,PERSON,Character,IN_UNIVERSE,https://the-queens-gambit.fandom.com/wiki/Fork
Character:elizabeth_harmon-314b5f,Elizabeth Harmon,Elizabeth Harmon,Elizabeth Harmon,1,PERSON,Character,IN_UNIVERSE,https://the-queens-gambit.fandom.com/wiki/Openings
Character:fergussen-27be7a,Fergussen,Fergussen,Fergussen,1,PERSON,Character,IN_UNIVERSE,https://the-queens-gambit.fandom.com/wiki/Openings
Character:flento-a41815,Flento,Flento,Flento,1,PERSON,Character,IN_UNIVERSE,https://the-queens-gambit.fandom.com/wiki/End_Game
Character:ganz-f84605,Ganz,Ganz,Ganz,1,PERSON,Character,IN_UNIVERSE,https://the-queens-gambit.fandom.com/wiki/End_Game
Character:ganz-f84605,Ganz,Ganz,Ganz,4,PERSON,Character,IN_UNIVERSE,https://the-queens-gambit.fandom.com/wiki/Mr._Shaibel
Character:ganz-f84605,Ganz,Ganz,Ganz,8,PERSON,Character,IN_UNIVERSE,https://the-queens-gambit.fandom.com/wiki/Openings
Character:harmon-50bda7,Harmon,Harmon,Harmon,6,PERSON,Character,IN_UNIVERSE,https://the-queens-gambit.fandom.com/wiki/D.L._Townes
Character:harmon-50bda7,Harmon,Harmon,Harmon,1,PERSON,Character,IN_UNIVERSE,https://the-queens-gambit.fandom.com/wiki/Doubled_Pawns
Character:harmon-50bda7,Harmon,Harmon,Harmon,1,PERSON,Character,IN_UNIVERSE,https://the-queens-gambit.fandom.com/wiki/End_Game
Character:harmon-50bda7,Harmon,Harmon,Harmon,1,PERSON,Character,IN_UNIVERSE,https://the-queens-gambit.fandom.com/wiki/Exchanges
Character:harry_beltik-e4c3db,Harry Beltik,Harry Beltik,Harry Beltik,1,PERSON,Character,IN_UNIVERSE,https://the-queens-gambit.fandom.com/wiki/Adjournment
Character:harry_beltik-e4c3db,Harry Beltik,Harry Beltik,Harry Beltik,2,PERSON,Character,IN_UNIVERSE,https://the-queens-gambit.fandom.com/wiki/Exchanges
Character:harry_beltik-e4c3db,Harry Beltik,Harry Beltik,Harry Beltik,2,PERSON,Character,IN_UNIVERSE,https://the-queens-gambit.fandom.com/wiki/Fork
Character:helen_deardorff-86c8f0,Helen Deardorff,Helen Deardorff's,Helen Deardorff's,1,PERSON,Character,IN_UNIVERSE,https://the-queens-gambit.fandom.com/wiki/Openings
Character:hellstrom-c8b424,Hellstrom,Hellstrom,Hellstrom,1,PERSON,Character,IN_UNIVERSE,https://the-queens-gambit.fandom.com/wiki/End_Game
Character:hilton_wexler-35e297,Hilton Wexler,Hilton Wexler,Hilton Wexler,1,PERSON,Character,IN_UNIVERSE,https://the-queens-gambit.fandom.com/wiki/Adjournment
Character:jacob_fortune_lloyd-abe222,Jacob Fortune-Lloyd,Jacob Fortune-Lloyd,Jacob Fortune-Lloyd,1,PERSON,Character,IN_UNIVERSE,https://the-queens-gambit.fandom.com/wiki/D.L._Townes
Character:jesus-fa2ec9,Jesus,Jesus,Jesus,1,PERSON,Character,IN_UNIVERSE,https://the-queens-gambit.fandom.com/wiki/Adjournment
Character:jolene-cf83fc,Jolene,Jolene,Jolene,1,PERSON,Character,IN_UNIVERSE,https://the-queens-gambit.fandom.com/wiki/Adjournment
Character:jolene-cf83fc,Jolene,Jolene,Jolene,19,PERSON,Character,IN_UNIVERSE,https://the-queens-gambit.fandom.com/wiki/End_Game
Character:jolene-cf83fc,Jolene,Jolene,Jolene,4,PERSON,Character,IN_UNIVERSE,https://the-queens-gambit.fandom.com/wiki/Exchanges
Character:jolene-cf83fc,Jolene,Jolene,Jolene,4,PERSON,Character,IN_UNIVERSE,https://the-queens-gambit.fandom.com/wiki/Openings
Character:jolene_dewitt-7030b6,Jolene Dewitt,Jolene Dewitt,Jolene Dewitt,1,PERSON,Character,IN_UNIVERSE,https://the-queens-gambit.fandom.com/wiki/Openings
Character:levertov-f8d4ca,Levertov,Levertov,Levertov,1,PERSON,Character,IN_UNIVERSE,https://the-queens-gambit.fandom.com/wiki/Adjournment
Character:luchenko-aad5d1,Luchenko,Luchenko,Luchenko,4,PERSON,Character,IN_UNIVERSE,https://the-queens-gambit.fandom.com/wiki/End_Game
Character:manuel-d50c91,Manuel,Manuel,Manuel,4,PERSON,Character,IN_UNIVERSE,https://the-queens-gambit.fandom.com/wiki/Middle_Game
Character:margaret-ce1958,Margaret,Margaret,Margaret,3,PERSON,Character,IN_UNIVERSE,https://the-queens-gambit.fandom.com/wiki/Exchanges
Character:margaret_johnson-aeffd9,Margaret Johnson,Margaret Johnson,Margaret Johnson,1,PERSON,Character,IN_UNIVERSE,https://the-queens-gambit.fandom.com/wiki/Fork
Character:margaret_neil-abb2cb,Margaret Neil,Margaret Neil,Margaret Neil,1,PERSON,Character,IN_UNIVERSE,https://the-queens-gambit.fandom.com/wiki/Doubled_Pawns
Character:margaret_neil-abb2cb,Margaret Neil,Margaret Neil,Margaret Neil,1,PERSON,Character,IN_UNIVERSE,https://the-queens-gambit.fandom.com/wiki/Exchanges
Character:margaret_neil-abb2cb,Margaret Neil,Margaret Neil,Margaret Neil,1,PERSON,Character,IN_UNIVERSE,https://the-queens-gambit.fandom.com/wiki/Fork
Character:mary_sue-fe9563,Mary-Sue,Mary-Sue,Mary-Sue,1,PERSON,Character,IN_UNIVERSE,https://the-queens-gambit.fandom.com/wiki/Openings
Character:matt-d07775,Matt,Matt,Matt,2,PERSON,Character,IN_UNIVERSE,https://the-queens-gambit.fandom.com/wiki/Doubled_Pawns
Character:matt-d07775,Matt,Matt,Matt,1,PERSON,Character,IN_UNIVERSE,https://the-queens-gambit.fandom.com/wiki/Middle_Game
Character:michaelangelo-a364a9,Michaelangelo,Michaelangelo,Michaelangelo,1,PERSON,Character,IN_UNIVERSE,https://the-queens-gambit.fandom.com/wiki/End_Game
Character:michaelanglo-9c12ac,Michaelanglo,Michaelanglo,Michaelanglo,1,PERSON,Character,IN_UNIVERSE,https://the-queens-gambit.fandom.com/wiki/End_Game
Character:mike-2ef3f7,Mike,Mike,Mike,2,PERSON,Character,IN_UNIVERSE,https://the-queens-gambit.fandom.com/wiki/Doubled_Pawns
Character:mike-2ef3f7,Mike,Mike,Mike,1,PERSON,Character,IN_UNIVERSE,https://the-queens-gambit.fandom.com/wiki/Middle_Game
Character:morphy-7f8ddf,Morphy,Morphy,Morphy,2,PERSON,Character,IN_UNIVERSE,https://the-queens-gambit.fandom.com/wiki/Fork
Character:najdorf-3505e7,Najdorf,Najdorf,Najdorf,1,PERSON,Character,IN_UNIVERSE,https://the-queens-gambit.fandom.com/wiki/Openings
Character:nona_gaprindashvili-6aaab2,Nona Gaprindashvili,Nona Gaprindashvili,Nona Gaprindashvili,1,PERSON,Character,IN_UNIVERSE,https://the-queens-gambit.fandom.com/wiki/End_Game
Character:packer-75e6f0,Packer,Packer,Packer,2,PERSON,Character,IN_UNIVERSE,https://the-queens-gambit.fandom.com/wiki/Adjournment
Character:paul-fb4141,Paul,Paul,Paul,9,PERSON,Character,IN_UNIVERSE,https://the-queens-gambit.fandom.com/wiki/Alice_Harmon
Character:paul-fb4141,Paul,Paul,Paul,4,PERSON,Character,IN_UNIVERSE,https://the-queens-gambit.fandom.com/wiki/End_Game
Character:paul-fb4141,Paul,Paul,Paul,1,PERSON,Character,IN_UNIVERSE,https://the-queens-gambit.fandom.com/wiki/Openings
Character:roger-2cbc0e,Roger,Roger,Roger,1,PERSON,Character,IN_UNIVERSE,https://the-queens-gambit.fandom.com/wiki/D.L._Townes
Character:shaibel-25488d,Shaibel,Shaibel,Shaibel,2,PERSON,Character,IN_UNIVERSE,https://the-queens-gambit.fandom.com/wiki/Doubled_Pawns
Character:shaibel-25488d,Shaibel,Shaibel,Shaibel,8,PERSON,Character,IN_UNIVERSE,https://the-queens-gambit.fandom.com/wiki/End_Game
Character:shaibel-25488d,Shaibel,Shaibel,Shaibel,6,PERSON,Character,IN_UNIVERSE,https://the-queens-gambit.fandom.com/wiki/Exchanges
Character:shaibel-25488d,Shaibel,Shaibel,Shaibel,2,PERSON,Character,IN_UNIVERSE,https://the-queens-gambit.fandom.com/wiki/Fork
Character:shaibel-25488d,Shaibel,Shaibel,Shaibel,1,PERSON,Character,IN_UNIVERSE,https://the-queens-gambit.fandom.com/wiki/Middle_Game
Character:shaibel-25488d,Shaibel,Shaibel,Shaibel,10,PERSON,Character,IN_UNIVERSE,https://the-queens-gambit.fandom.com/wiki/Mr._Shaibel
Character:shaibel-25488d,Shaibel,Shaibel,Shaibel,16,PERSON,Character,IN_UNIVERSE,https://the-queens-gambit.fandom.com/wiki/Openings
Character:shapkin-6dcb24,Shapkin,Shapkin,Shapkin,1,PERSON,Character,IN_UNIVERSE,https://the-queens-gambit.fandom.com/wiki/End_Game
Character:shirley_munson-9ecc60,Shirley Munson,Shirley Munson,Shirley Munson,1,PERSON,Character,IN_UNIVERSE,https://the-queens-gambit.fandom.com/wiki/Openings
Character:sizemore-e93777,Sizemore,Sizemore,Sizemore,1,PERSON,Character,IN_UNIVERSE,https://the-queens-gambit.fandom.com/wiki/Exchanges
Character:townes-0aa587,Townes,Townes,Townes,14,PERSON,Character,IN_UNIVERSE,https://the-queens-gambit.fandom.com/wiki/D.L._Townes
Character:townes-0aa587,Townes,Townes,Townes,3,PERSON,Character,IN_UNIVERSE,https://the-queens-gambit.fandom.com/wiki/Doubled_Pawns
Character:townes-0aa587,Townes,Townes,Townes,5,PERSON,Character,IN_UNIVERSE,https://the-queens-gambit.fandom.com/wiki/End_Game
Character:townes-0aa587,Townes,Townes,Townes,4,PERSON,Character,IN_UNIVERSE,https://the-queens-gambit.fandom.com/wiki/Exchanges
Character:townes-0aa587,Townes,Townes,Townes,1,PERSON,Character,IN_UNIVERSE,https://the-queens-gambit.fandom.com/wiki/Fork
Character:vasily_borgov-b82697,Vasily Borgov,Vasily Borgov,Vasily Borgov,1,PERSON,Character,IN_UNIVERSE,https://the-queens-gambit.fandom.com/wiki/Doubled_Pawns
Character:vasily_borgov-b82697,Vasily Borgov,Vasily Borgov's,Vasily Borgov's,1,PERSON,Character,IN_UNIVERSE,https://the-queens-gambit.fandom.com/wiki/Middle_Game
Character:vasily_borgov-b82697,Vasily Borgov,Vasily Borgov,Vasily Borgov,1,PERSON,Character,IN_UNIVERSE,https://the-queens-gambit.fandom.com/wiki/Mr._Shaibel
Character:vasily_borgov-b82697,Vasily Borgov,Vasily Borgov,Vasily Borgov,1,PERSON,Character,IN_UNIVERSE,https://the-queens-gambit.fandom.com/wiki/Openings
Character:wexler-bdcc20,Wexler,Wexler,Wexler,1,PERSON,Character,IN_UNIVERSE,https://the-queens-gambit.fandom.com/wiki/Adjournment
Character:white-f57dea,White,White,White,1,PERSON,Character,IN_UNIVERSE,https://the-queens-gambit.fandom.com/wiki/Middle_Game
Character:white-f57dea,White,White,White,1,PERSON,Character,IN_UNIVERSE,https://the-queens-gambit.fandom.com/wiki/Openings
Character:william_shaibel-1906e3,William Shaibel,William Shaibel,William Shaibel,1,PERSON,Character,IN_UNIVERSE,https://the-queens-gambit.fandom.com/wiki/Openings
Event:chess_olympiad-94a615,Chess Olympiad,Chess Olympiad,Chess Olympiad,1,EVENT,Event,REAL_WORLD,https://the-queens-gambit.fandom.com/wiki/Beth_Harmon
Event:exchanges-e11069,Exchanges,Exchanges,Exchanges,1,EVENT,Event,REAL_WORLD,https://the-queens-gambit.fandom.com/wiki/Beth_Harmon
Event:kentucky_state_championship-5df4e7,Kentucky State Championship,Kentucky State Championship,Kentucky State Championship,1,EVENT,Event,REAL_WORLD,https://the-queens-gambit.fandom.com/wiki/Beth_Harmon
Event:mexico_city_invitational_tournament-332b52,Mexico City Invitational Tournament,Mexico City Invitational Tournament,Mexico City Invitational Tournament,1,EVENT,Event,REAL_WORLD,https://the-queens-gambit.fandom.com/wiki/Beth_Harmon
Event:moscow_invitational-95c9aa,Moscow Invitational,Moscow Invitational,Moscow Invitational,1,EVENT,Event,REAL_WORLD,https://the-queens-gambit.fandom.com/wiki/Beth_Harmon
Event:open-f79fe9,Open,Open,Open,1,EVENT,Event,REAL_WORLD,https://the-queens-gambit.fandom.com/wiki/Beth_Harmon
Event:paris_remy_vallon_invitational-c38967,Paris Remy-Vallon Invitational,Paris Remy-Vallon Invitational,Paris Remy-Vallon Invitational,2,EVENT,Event,REAL_WORLD,https://the-queens-gambit.fandom.com/wiki/Beth_Harmon
Event:u_s_championship-6e77a3,U.S. Championship,U.S. Championship,U.S. Championship,1,EVENT,Event,REAL_WORLD,https://the-queens-gambit.fandom.com/wiki/Beth_Harmon
Event:u_s_open_chess_championship-dc6cd6,U.S. Open Chess Championship,U.S. Open Chess Championship,U.S. Open Chess Championship,1,EVENT,Event,REAL_WORLD,https://the-queens-gambit.fandom.com/wiki/Beth_Harmon
Event:us_championship-059e00,US Championship,US Championship,US Championship,1,EVENT,Event,REAL_WORLD,https://the-queens-gambit.fandom.com/wiki/Beth_Harmon
Event:another_u_s_open-31632e,another U.S. Open,another U.S. Open,another U.S. Open,1,EVENT,Event,IN_UNIVERSE,https://the-queens-gambit.fandom.com/wiki/Fork
Event:the_candidates_tournament-f6a3cb,the Candidates Tournament,the Candidates Tournament,the Candidates Tournament,1,EVENT,Event,REAL_WORLD,https://the-queens-gambit.fandom.com/wiki/Beth_Harmon
Event:the_cincinnati_tournament-2cab8e,the Cincinnati Tournament,the Cincinnati Tournament,the Cincinnati Tournament,1,EVENT,Event,REAL_WORLD,https://the-queens-gambit.fandom.com/wiki/Beth_Harmon
Event:the_kentucky_state_championship-588585,the Kentucky State Championship,the Kentucky State Championship,the Kentucky State Championship,1,EVENT,Event,REAL_WORLD,https://the-queens-gambit.fandom.com/wiki/Beth_Harmon
Event:the_kentucky_state_championship-588585,the Kentucky State Championship,the Kentucky State Championship,the Kentucky State Championship,1,EVENT,Event,IN_UNIVERSE,https://the-queens-gambit.fandom.com/wiki/D.L._Townes
Event:the_kentucky_state_championship-588585,the Kentucky State Championship,the Kentucky State Championship,the Kentucky State Championship,1,EVENT,Event,IN_UNIVERSE,https://the-queens-gambit.fandom.com/wiki/Exchanges
Event:the_las_vegas_u_s_open_chess_championship-2e0143,the Las Vegas U.S. Open Chess Championship,the Las Vegas U.S. Open Chess Championship,the Las Vegas U.S. Open Chess Championship,1,EVENT,Event,REAL_WORLD,https://the-queens-gambit.fandom.com/wiki/Beth_Harmon
Event:the_las_vegas_us_open-acd076,the Las Vegas US Open,the Las Vegas US Open,the Las Vegas US Open,1,EVENT,Event,IN_UNIVERSE,https://the-queens-gambit.fandom.com/wiki/D.L._Townes
Event:the_moscow_invitational-ce8c95,the Moscow Invitational,the Moscow Invitational,the Moscow Invitational,2,EVENT,Event,IN_UNIVERSE,https://the-queens-gambit.fandom.com/wiki/Adjournment
Event:the_moscow_invitational-ce8c95,the Moscow Invitational,the Moscow Invitational,the Moscow Invitational,2,EVENT,Event,REAL_WORLD,https://the-queens-gambit.fandom.com/wiki/Beth_Harmon
Event:the_pittsburgh_tournament-8b074f,the Pittsburgh Tournament,the Pittsburgh Tournament,the Pittsburgh Tournament,1,EVENT,Event,REAL_WORLD,https://the-queens-gambit.fandom.com/wiki/Beth_Harmon
Event:the_u_s_championship-86e517,the U.S. Championship,the U.S. Championship,the U.S. Championship,1,EVENT,Event,IN_UNIVERSE,https://the-queens-gambit.fandom.com/wiki/Doubled_Pawns
Event:the_u_s_championship-86e517,the U.S. Championship,the U.S. Championship,the U.S. Championship,1,EVENT,Event,IN_UNIVERSE,https://the-queens-gambit.fandom.com/wiki/Fork
Event:the_u_s_open-8dd5eb,the U.S. Open,the U.S. Open,the U.S. Open,1,EVENT,Event,REAL_WORLD,https://the-queens-gambit.fandom.com/wiki/Beth_Harmon
Event:the_u_s_open-8dd5eb,the U.S. Open,the U.S. Open,the U.S. Open,1,EVENT,Event,IN_UNIVERSE,https://the-queens-gambit.fandom.com/wiki/Doubled_Pawns
Event:the_us_championship-dd9c61,the US Championship,the US Championship,the US Championship,2,EVENT,Event,REAL_WORLD,https://the-queens-gambit.fandom.com/wiki/Beth_Harmon
Event:the_women_world_chess_championship-eb8805,the Women World Chess Championship,the Women's World Chess Championship,the Women's World Chess Championship,1,EVENT,Event,REAL_WORLD,https://the-queens-gambit.fandom.com/wiki/Beth_Harmon
Group:american-81cd95,American,American,American,3,NORP,Group,REAL_WORLD,https://the-queens-gambit.fandom.com/wiki/Beth_Harmon
Group:chinese-ade7ee,Chinese,Chinese,Chinese,1,NORP,Group,REAL_WORLD,https://the-queens-gambit.fandom.com/wiki/Beth_Harmon
Group:christian-c0d3c8,Christian,Christian,Christian,2,NORP,Group,REAL_WORLD,https://the-queens-gambit.fandom.com/wiki/Beth_Harmon
Group:christian-c0d3c8,Christian,Christian,Christian,1,NORP,Group,IN_UNIVERSE,https://the-queens-gambit.fandom.com/wiki/Openings
Group:communists-7b5f61,Communists,Communists,Communists,1,NORP,Group,IN_UNIVERSE,https://the-queens-gambit.fandom.com/wiki/Adjournment
Group:dutch-76e126,Dutch,Dutch,Dutch,1,NORP,Group,REAL_WORLD,https://the-queens-gambit.fandom.com/wiki/Beth_Harmon
Group:french-35b672,French,French,French,1,NORP,Group,REAL_WORLD,https://the-queens-gambit.fandom.com/wiki/Beth_Harmon
Group:german-734821,German,German,German,2,NORP,Group,REAL_WORLD,https://the-queens-gambit.fandom.com/wiki/Beth_Harmon
Group:hungarian-092e14,Hungarian,Hungarian,Hungarian,1,NORP,Group,REAL_WORLD,https://the-queens-gambit.fandom.com/wiki/Beth_Harmon
Group:russian-a27314,Russian,Russian,Russian,3,NORP,Group,REAL_WORLD,https://the-queens-gambit.fandom.com/wiki/Beth_Harmon
Group:russian-a27314,Russian,Russian,Russian,2,NORP,Group,IN_UNIVERSE,https://the-queens-gambit.fandom.com/wiki/Doubled_Pawns
Group:russian-a27314,Russian,Russian,Russian,2,NORP,Group,IN_UNIVERSE,https://the-queens-gambit.fandom.com/wiki/End_Game
Group:russian-a27314,Russian,Russian,Russian,3,NORP,Group,IN_UNIVERSE,https://the-queens-gambit.fandom.com/wiki/Middle_Game
Group:russians-62a71b,Russians,Russians,Russians,2,NORP,Group,IN_UNIVERSE,https://the-queens-gambit.fandom.com/wiki/End_Game
Group:sicilian-958e2a,Sicilian,Sicilian,Sicilian,2,NORP,Group,REAL_WORLD,https://the-queens-gambit.fandom.com/wiki/Beth_Harmon
Group:sicilian-958e2a,Sicilian,Sicilian,Sicilian,1,NORP,Group,IN_UNIVERSE,https://the-queens-gambit.fandom.com/wiki/Doubled_Pawns
Group:soviet-62a689,Soviet,Soviet,Soviet,2,NORP,Group,REAL_WORLD,https://the-queens-gambit.fandom.com/wiki/Beth_Harmon
Group:soviets-7f4217,Soviets,Soviets,Soviets,2,NORP,Group,REAL_WORLD,https://the-queens-gambit.fandom.com/wiki/Beth_Harmon
Location:austria-082585,Austria,Austria,Austria,1,GPE,Location,REAL_WORLD,https://the-queens-gambit.fandom.com/wiki/Beth_Harmon
Location:cincinnati-a0d99f,Cincinnati,Cincinnati,Cincinnati,4,GPE,Location,REAL_WORLD,https://the-queens-gambit.fandom.com/wiki/Beth_Harmon
Location:cincinnati-a0d99f,Cincinnati,Cincinnati,Cincinnati,4,GPE,Location,IN_UNIVERSE,https://the-queens-gambit.fandom.com/wiki/Doubled_Pawns
Location:france-6ffce1,France,France,France,3,GPE,Location,REAL_WORLD,https://the-queens-gambit.fandom.com/wiki/Beth_Harmon
Location:george_town-39f077,George Town,George Town,George Town,1,GPE,Location,IN_UNIVERSE,https://the-queens-gambit.fandom.com/wiki/End_Game
Location:hotel_de_ville-b67219,Hotel de Ville,Hotel de Ville,Hotel de Ville,1,FAC,Location,REAL_WORLD,https://the-queens-gambit.fandom.com/wiki/Beth_Harmon
Location:hungary-8aba9c,Hungary,Hungary,Hungary,1,GPE,Location,REAL_WORLD,https://the-queens-gambit.fandom.com/wiki/Beth_Harmon
Location:italy-7dc766,Italy,Italy,Italy,2,GPE,Location,REAL_WORLD,https://the-queens-gambit.fandom.com/wiki/Beth_Harmon
Location:kentucky-190bff,Kentucky,Kentucky,Kentucky,2,GPE,Location,IN_UNIVERSE,https://the-queens-gambit.fandom.com/wiki/Adjournment
Location:kentucky-190bff,Kentucky,Kentucky,Kentucky,2,GPE,Location,IN_UNIVERSE,https://the-queens-gambit.fandom.com/wiki/Alice_Harmon
Location:kentucky-190bff,Kentucky,Kentucky,Kentucky,12,GPE,Location,REAL_WORLD,https://the-queens-gambit.fandom.com/wiki/Beth_Harmon
Location:kentucky-190bff,Kentucky,Kentucky,Kentucky,1,GPE,Location,IN_UNIVERSE,https://the-queens-gambit.fandom.com/wiki/D.L._Townes
Location:kentucky-190bff,Kentucky,Kentucky,Kentucky,1,GPE,Location,IN_UNIVERSE,https://the-queens-gambit.fandom.com/wiki/Doubled_Pawns
Location:kentucky-190bff,Kentucky,Kentucky,Kentucky,1,GPE,Location,IN_UNIVERSE,https://the-queens-gambit.fandom.com/wiki/Exchanges
Location:kentucky-190bff,Kentucky,Kentucky,Kentucky,1,GPE,Location,IN_UNIVERSE,https://the-queens-gambit.fandom.com/wiki/Fork
Location:las_vegas-946932,Las Vegas,Las Vegas,Las Vegas,2,GPE,Location,REAL_WORLD,https://the-queens-gambit.fandom.com/wiki/Beth_Harmon
Location:las_vegas-946932,Las Vegas,Las Vegas,Las Vegas,1,GPE,Location,IN_UNIVERSE,https://the-queens-gambit.fandom.com/wiki/Doubled_Pawns
Location:lexington-693361,Lexington,Lexington,Lexington,3,GPE,Location,REAL_WORLD,https://the-queens-gambit.fandom.com/wiki/Beth_Harmon
Location:lucerne-49a600,Lucerne,Lucerne,Lucerne,1,GPE,Location,REAL_WORLD,https://the-queens-gambit.fandom.com/wiki/Beth_Harmon
Location:methuen-ac58a5,Methuen,Methuen,Methuen,1,GPE,Location,IN_UNIVERSE,https://the-queens-gambit.fandom.com/wiki/Adjournment
Location:methuen-ac58a5,Methuen,Methuen,Methuen,3,GPE,Location,IN_UNIVERSE,https://the-queens-gambit.fandom.com/wiki/End_Game
Location:methuen-ac58a5,Methuen,Methuen,Methuen,2,GPE,Location,IN_UNIVERSE,https://the-queens-gambit.fandom.com/wiki/Exchanges
Location:mexico-cd8780,Mexico,Mexico,Mexico,1,GPE,Location,IN_UNIVERSE,https://the-queens-gambit.fandom.com/wiki/Middle_Game
Location:mexico_city-c4dd39,Mexico City,Mexico City,Mexico City,1,GPE,Location,REAL_WORLD,https://the-queens-gambit.fandom.com/wiki/Beth_Harmon
Location:mexico_city-c4dd39,Mexico City,Mexico City,Mexico City,3,GPE,Location,IN_UNIVERSE,https://the-queens-gambit.fandom.com/wiki/Middle_Game
Location:moscow-58824a,Moscow,Moscow,Moscow,4,GPE,Location,REAL_WORLD,https://the-queens-gambit.fandom.com/wiki/Beth_Harmon
Location:moscow-58824a,Moscow,Moscow,Moscow,2,GPE,Location,IN_UNIVERSE,https://the-queens-gambit.fandom.com/wiki/D.L._Townes
Location:moscow-58824a,Moscow,Moscow,Moscow,5,GPE,Location,IN_UNIVERSE,https://the-queens-gambit.fandom.com/wiki/End_Game
Location:nevada-aacef4,Nevada,Nevada,Nevada,1,GPE,Location,REAL_WORLD,https://the-queens-gambit.fandom.com/wiki/Beth_Harmon
Location:new_york-a8c649,New York,New York,New York,3,GPE,Location,IN_UNIVERSE,https://the-queens-gambit.fandom.com/wiki/Adjournment
Location:new_york-a8c649,New York,New York,New York,2,GPE,Location,REAL_WORLD,https://the-queens-gambit.fandom.com/wiki/Beth_Harmon
Location:new_york-a8c649,New York,New York,New York,1,GPE,Location,IN_UNIVERSE,https://the-queens-gambit.fandom.com/wiki/End_Game
Location:new_york-a8c649,New York,New York,New York,1,GPE,Location,IN_UNIVERSE,https://the-queens-gambit.fandom.com/wiki/Fork
Location:norway-60e542,Norway,Norway,Norway,1,GPE,Location,REAL_WORLD,https://the-queens-gambit.fandom.com/wiki/Beth_Harmon
Location:ohio-778d5a,Ohio,Ohio,Ohio,3,GPE,Location,REAL_WORLD,https://the-queens-gambit.fandom.com/wiki/Beth_Harmon
Location:paris-4e15b1,Paris,Paris,Paris,3,GPE,Location,IN_UNIVERSE,https://the-queens-gambit.fandom.com/wiki/Adjournment
Location:paris-4e15b1,Paris,Paris,Paris,3,GPE,Location,REAL_WORLD,https://the-queens-gambit.fandom.com/wiki/Beth_Harmon
Location:paris-4e15b1,Paris,Paris,Paris,1,GPE,Location,IN_UNIVERSE,https://the-queens-gambit.fandom.com/wiki/Fork
Location:paris-4e15b1,Paris,Paris,Paris,1,GPE,Location,IN_UNIVERSE,https://the-queens-gambit.fandom.com/wiki/Middle_Game
Location:paris-4e15b1,Paris,Paris,Paris,1,GPE,Location,IN_UNIVERSE,https://the-queens-gambit.fandom.com/wiki/Openings
Location:pittsburg-4d2c8e,Pittsburg,Pittsburg,Pittsburg,1,GPE,Location,IN_UNIVERSE,https://the-queens-gambit.fandom.com/wiki/Doubled_Pawns
Location:pittsburgh-12241a,Pittsburgh,Pittsburgh,Pittsburgh,1,GPE,Location,REAL_WORLD,https://the-queens-gambit.fandom.com/wiki/Beth_Harmon
Location:russia-0419b7,Russia,Russia,Russia,5,GPE,Location,REAL_WORLD,https://the-queens-gambit.fandom.com/wiki/Beth_Harmon
Location:russia-0419b7,Russia,Russia,Russia,1,GPE,Location,IN_UNIVERSE,https://the-queens-gambit.fandom.com/wiki/D.L._Townes
Location:san_francisco-804927,San Francisco,San Francisco,San Francisco,1,GPE,Location,REAL_WORLD,https://the-queens-gambit.fandom.com/wiki/Beth_Harmon
Location:san_francisco-804927,San Francisco,San Francisco,San Francisco,1,GPE,Location,IN_UNIVERSE,https://the-queens-gambit.fandom.com/wiki/End_Game
Location:southwest-22569f,Southwest,Southwest,Southwest,1,LOC,Location,IN_UNIVERSE,https://the-queens-gambit.fandom.com/wiki/Exchanges
Location:sweden-a37856,Sweden,Sweden,Sweden,1,GPE,Location,REAL_WORLD,https://the-queens-gambit.fandom.com/wiki/Beth_Harmon
Location:u_s-d925a5,U.S,U.S.,U.S.,3,GPE,Location,REAL_WORLD,https://the-queens-gambit.fandom.com/wiki/Beth_Harmon
Location:u_s-d925a5,U.S,U.S.,U.S.,1,GPE,Location,IN_UNIVERSE,https://the-queens-gambit.fandom.com/wiki/Doubled_Pawns
Location:u_s-d925a5,U.S,U.S.,U.S.,2,GPE,Location,IN_UNIVERSE,https://the-queens-gambit.fandom.com/wiki/Fork
Location:ussr-bdd2d8,USSR,USSR,USSR,1,GPE,Location,IN_UNIVERSE,https://the-queens-gambit.fandom.com/wiki/Adjournment
Location:ussr-bdd2d8,USSR,USSR,USSR,7,GPE,Location,REAL_WORLD,https://the-queens-gambit.fandom.com/wiki/Beth_Harmon
Location:ussr-bdd2d8,USSR,USSR,USSR,1,GPE,Location,IN_UNIVERSE,https://the-queens-gambit.fandom.com/wiki/End_Game
Location:united_states-136a3c,United States,United States,United States,1,GPE,Location,IN_UNIVERSE,https://the-queens-gambit.fandom.com/wiki/Fork
Location:wakefield-288d8b,Wakefield,Wakefield,Wakefield,1,GPE,Location,IN_UNIVERSE,https://the-queens-gambit.fandom.com/wiki/Alice_Harmon
Location:yugoslavia-b6c013,Yugoslavia,Yugoslavia,Yugoslavia,1,GPE,Location,REAL_WORLD,https://the-queens-gambit.fandom.com/wiki/Beth_Harmon
Location:a_chess_club-69da79,a Chess Club,a Chess Club,a Chess Club,1,FAC,Location,IN_UNIVERSE,https://the-queens-gambit.fandom.com/wiki/End_Game
Location:the_aztec_palace-78f31d,the Aztec Palace,the Aztec Palace,the Aztec Palace,1,FAC,Location,REAL_WORLD,https://the-queens-gambit.fandom.com/wiki/Beth_Harmon
Location:the_mariposa_hotel-d3276f,the Mariposa Hotel,the Mariposa Hotel,the Mariposa Hotel,1,FAC,Location,REAL_WORLD,https://the-queens-gambit.fandom.com/wiki/Beth_Harmon
Location:the_united_states-0ad7d0,the United States,the United States,the United States,1,GPE,Location,REAL_WORLD,https://the-queens-gambit.fandom.com/wiki/Beth_Harmon
Location:the_united_states-0ad7d0,the United States,the United States,the United States,1,GPE,Location,IN_UNIVERSE,https://the-queens-gambit.fandom.com/wiki/D.L._Townes
Location:the_united_states-0ad7d0,the United States,the United States,the United States,1,GPE,Location,IN_UNIVERSE,https://the-queens-gambit.fandom.com/wiki/Middle_Game
Organization:apple_pi-3923b8,Apple Pi,Apple Pi,Apple Pi,1,ORG,Organization,IN_UNIVERSE,https://the-queens-gambit.fandom.com/wiki/Doubled_Pawns
Organization:apple_pi-3923b8,Apple Pi,Apple Pi,Apple Pi,1,ORG,Organization,IN_UNIVERSE,https://the-queens-gambit.fandom.com/wiki/Exchanges
Organization:beautiful-142eed,Beautiful,Beautiful,Beautiful,1,ORG,Organization,IN_UNIVERSE,https://the-queens-gambit.fandom.com/wiki/Doubled_Pawns
Organization:chess_federation-3e38b5,Chess Federation,Chess Federation,Chess Federation,1,ORG,Organization,IN_UNIVERSE,https://the-queens-gambit.fandom.com/wiki/End_Game
Organization:chess_life-cdddff,Chess Life,Chess Life,Chess Life,1,ORG,Organization,REAL_WORLD,https://the-queens-gambit.fandom.com/wiki/Beth_Harmon
Organization:chess_review-b0f184,Chess Review,Chess Review,Chess Review,6,ORG,Organization,REAL_WORLD,https://the-queens-gambit.fandom.com/wiki/Beth_Harmon
Organization:chess_review-b0f184,Chess Review,Chess Review,Chess Review,2,ORG,Organization,IN_UNIVERSE,https://the-queens-gambit.fandom.com/wiki/D.L._Townes
Organization:christian_crusade-243686,Christian Crusade,Christian Crusade,Christian Crusade,2,ORG,Organization,IN_UNIVERSE,https://the-queens-gambit.fandom.com/wiki/Adjournment
Organization:christian_crusade-243686,Christian Crusade,Christian Crusade,Christian Crusade,1,ORG,Organization,REAL_WORLD,https://the-queens-gambit.fandom.com/wiki/Beth_Harmon
Organization:christian_crusade-243686,Christian Crusade,Christian Crusade,Christian Crusade,5,ORG,Organization,IN_UNIVERSE,https://the-queens-gambit.fandom.com/wiki/End_Game
Organization:cornell_university-07f6ca,Cornell University,Cornell University,Cornell University,2,ORG,Organization,IN_UNIVERSE,https://the-queens-gambit.fandom.com/wiki/Alice_Harmon
Organization:cornell_university-07f6ca,Cornell University,Cornell University,Cornell University,1,ORG,Organization,REAL_WORLD,https://the-queens-gambit.fandom.com/wiki/Beth_Harmon
Organization:corvair-89bd76,Corvair,Corvair,Corvair,1,ORG,Organization,IN_UNIVERSE,https://the-queens-gambit.fandom.com/wiki/End_Game
Organization:duncan_high_school-cbdc81,Duncan High School,Duncan High School,Duncan High School,1,ORG,Organization,REAL_WORLD,https://the-queens-gambit.fandom.com/wiki/Beth_Harmon
Organization:duncan_high_school-cbdc81,Duncan High School,Duncan High School,Duncan High School,1,ORG,Organization,IN_UNIVERSE,https://the-queens-gambit.fandom.com/wiki/Mr._Shaibel
Organization:e_townes-5644c1,E. Townes,E. Townes,E. Townes,1,ORG,Organization,REAL_WORLD,https://the-queens-gambit.fandom.com/wiki/Beth_Harmon
Organization:fide-b251db,FIDE,FIDE,FIDE,7,ORG,Organization,REAL_WORLD,https://the-queens-gambit.fandom.com/wiki/Beth_Harmon
Organization:fairfield_high-d6f9ec,Fairfield High,Fairfield High,Fairfield High,1,ORG,Organization,IN_UNIVERSE,https://the-queens-gambit.fandom.com/wiki/Exchanges
Organization:fairfield_high_school-2794aa,Fairfield High School,Fairfield High School,Fairfield High School|Fairfield High School's,2,ORG,Organization,REAL_WORLD,https://the-queens-gambit.fandom.com/wiki/Beth_Harmon
Organization:gm_marenco-97ebb5,GM Marenco,GM Marenco,GM Marenco,1,ORG,Organization,REAL_WORLD,https://the-queens-gambit.fandom.com/wiki/Beth_Harmon
Organization:gibson_hotel-da4635,Gibson Hotel,Gibson Hotel,Gibson Hotel,1,ORG,Organization,REAL_WORLD,https://the-queens-gambit.fandom.com/wiki/Beth_Harmon
Organization:harmon_e-39a8f6,"Harmon, E","Harmon, E.","Harmon, E.",1,ORG,Organization,REAL_WORLD,https://the-queens-gambit.fandom.com/wiki/Beth_Harmon
Organization:henry_clay_high_school-83073e,Henry Clay High School,Henry Clay High School,Henry Clay High School,2,ORG,Organization,REAL_WORLD,https://the-queens-gambit.fandom.com/wiki/Beth_Harmon
Organization:international_master_fide-513680,International Master FIDE,International Master FIDE,International Master FIDE,1,ORG,Organization,REAL_WORLD,https://the-queens-gambit.fandom.com/wiki/Beth_Harmon
Organization:kentucky_state-8b0edd,Kentucky State,Kentucky State,Kentucky State,1,ORG,Organization,IN_UNIVERSE,https://the-queens-gambit.fandom.com/wiki/Adjournment
Organization:kentucky_state-8b0edd,Kentucky State,Kentucky State,Kentucky State,2,ORG,Organization,REAL_WORLD,https://the-queens-gambit.fandom.com/wiki/Beth_Harmon
Organization:kentucky_state-8b0edd,Kentucky State,Kentucky State,Kentucky State,1,ORG,Organization,IN_UNIVERSE,https://the-queens-gambit.fandom.com/wiki/End_Game
Organization:lexington_herald_leader-17fa19,Lexington Herald-Leader,Lexington Herald-Leader,Lexington Herald-Leader,1,ORG,Organization,IN_UNIVERSE,https://the-queens-gambit.fandom.com/wiki/D.L._Townes
Organization:librium-31c8ff,Librium,Librium,Librium,1,ORG,Organization,REAL_WORLD,https://the-queens-gambit.fandom.com/wiki/Beth_Harmon
Organization:life-6146a3,Life,Life,Life,4,ORG,Organization,IN_UNIVERSE,https://the-queens-gambit.fandom.com/wiki/Doubled_Pawns
Organization:marie_claire-0e3172,Marie Claire,Marie Claire,Marie Claire,1,ORG,Organization,REAL_WORLD,https://the-queens-gambit.fandom.com/wiki/Beth_Harmon
Organization:methuen_home-0e82f3,Methuen Home,Methuen Home's,Methuen Home's|Methuen Home,2,ORG,Organization,REAL_WORLD,https://the-queens-gambit.fandom.com/wiki/Beth_Harmon
Organization:methuen_home-0e82f3,Methuen Home,Methuen Home,Methuen Home,1,ORG,Organization,IN_UNIVERSE,https://the-queens-gambit.fandom.com/wiki/End_Game
Organization:methuen_home-0e82f3,Methuen Home,Methuen Home,Methuen Home,1,ORG,Organization,IN_UNIVERSE,https://the-queens-gambit.fandom.com/wiki/Mr._Shaibel
Organization:npr-b21d7a,NPR,NPR,NPR,1,ORG,Organization,REAL_WORLD,https://the-queens-gambit.fandom.com/wiki/Beth_Harmon
Organization:netflix-bee0a7,Netflix,Netflix,Netflix,1,ORG,Organization,IN_UNIVERSE,https://the-queens-gambit.fandom.com/wiki/Adjournment
Organization:netflix-bee0a7,Netflix,Netflix,Netflix,2,ORG,Organization,REAL_WORLD,https://the-queens-gambit.fandom.com/wiki/Beth_Harmon
Organization:netflix-bee0a7,Netflix,Netflix,Netflix,1,ORG,Organization,IN_UNIVERSE,https://the-queens-gambit.fandom.com/wiki/Doubled_Pawns
Organization:netflix-bee0a7,Netflix,Netflix,Netflix,1,ORG,Organization,IN_UNIVERSE,https://the-queens-gambit.fandom.com/wiki/End_Game
Organization:netflix-bee0a7,Netflix,Netflix,Netflix,1,ORG,Organization,IN_UNIVERSE,https://the-queens-gambit.fandom.com/wiki/Exchanges
Organization:netflix-bee0a7,Netflix,Netflix,Netflix,1,ORG,Organization,IN_UNIVERSE,https://the-queens-gambit.fandom.com/wiki/Fork
Organization:netflix-bee0a7,Netflix,Netflix,Netflix,1,ORG,Organization,IN_UNIVERSE,https://the-queens-gambit.fandom.com/wiki/Middle_Game
Organization:netflix-bee0a7,Netflix,Netflix,Netflix,1,ORG,Organization,IN_UNIVERSE,https://the-queens-gambit.fandom.com/wiki/Openings
Organization:reuters-f89ab9,Reuters,Reuters,Reuters,1,ORG,Organization,IN_UNIVERSE,https://the-queens-gambit.fandom.com/wiki/End_Game
Organization:state_department-c7fc39,State Department,State Department,State Department,2,ORG,Organization,IN_UNIVERSE,https://the-queens-gambit.fandom.com/wiki/End_Game
Organization:the_observer-7ecb35,The Observer,The Observer,The Observer,1,ORG,Organization,IN_UNIVERSE,https://the-queens-gambit.fandom.com/wiki/End_Game
Organization:the_state_department-231c1d,The State Department,The State Department,The State Department,1,ORG,Organization,IN_UNIVERSE,https://the-queens-gambit.fandom.com/wiki/End_Game
Organization:time_magazine-6e0886,Time Magazine,Time Magazine,Time Magazine,1,ORG,Organization,IN_UNIVERSE,https://the-queens-gambit.fandom.com/wiki/End_Game
Organization:times_magazine-236cb8,Times Magazine,Times Magazine,Times Magazine,1,ORG,Organization,REAL_WORLD,https://the-queens-gambit.fandom.com/wiki/Beth_Harmon
Organization:upi-946266,UPI,UPI,UPI,1,ORG,Organization,IN_UNIVERSE,https://the-queens-gambit.fandom.com/wiki/End_Game
Organization:uscf-0c46e4,USCF,USCF,USCF,4,ORG,Organization,REAL_WORLD,https://the-queens-gambit.fandom.com/wiki/Beth_Harmon
Organization:uscf-0c46e4,USCF,USCF,USCF,1,ORG,Organization,IN_UNIVERSE,https://the-queens-gambit.fandom.com/wiki/Exchanges
Organization:unknown-75d7fa,Unknown,Unknown,Unknown,9,ORG,Organization,REAL_WORLD,https://the-queens-gambit.fandom.com/wiki/Beth_Harmon
Organization:the_state_normal_school_for_colored_persons-06cad7,"the ""State Normal School for Colored Persons","the ""State Normal School for Colored Persons","the ""State Normal School for Colored Persons",1,ORG,Organization,IN_UNIVERSE,https://the-queens-gambit.fandom.com/wiki/End_Game
Organization:the_chess_federation-ee96a0,the Chess Federation,the Chess Federation,the Chess Federation,1,ORG,Organization,IN_UNIVERSE,https://the-queens-gambit.fandom.com/wiki/End_Game
Organization:the_christian_crusade-c20d9f,the Christian Crusade,the Christian Crusade,the Christian Crusade,1,ORG,Organization,IN_UNIVERSE,https://the-queens-gambit.fandom.com/wiki/End_Game
Organization:the_class_of_1966-e0afe1,the Class of 1966,the Class of 1966,the Class of 1966,1,ORG,Organization,REAL_WORLD,https://the-queens-gambit.fandom.com/wiki/Beth_Harmon
Organization:the_king_pawn-e94294,the King Pawn,the King's Pawn,the King's Pawn,1,ORG,Organization,REAL_WORLD,https://the-queens-gambit.fandom.com/wiki/Beth_Harmon
Organization:the_lexington_herald_leader-0b9aa4,the Lexington Herald-Leader,the Lexington Herald-Leader,the Lexington Herald-Leader,3,ORG,Organization,REAL_WORLD,https://the-queens-gambit.fandom.com/wiki/Beth_Harmon
Organization:the_lexington_herald_leader-0b9aa4,the Lexington Herald-Leader,the Lexington Herald-Leader,the Lexington Herald-Leader,1,ORG,Organization,IN_UNIVERSE,https://the-queens-gambit.fandom.com/wiki/D.L._Townes
Organization:the_methuen_home-e89837,the Methuen Home,the Methuen Home,the Methuen Home,1,ORG,Organization,IN_UNIVERSE,https://the-queens-gambit.fandom.com/wiki/Openings
Organization:the_sicilian_defence-2489e5,the Sicilian Defence,the Sicilian Defence,the Sicilian Defence,1,ORG,Organization,REAL_WORLD,https://the-queens-gambit.fandom.com/wiki/Beth_Harmon
Organization:the_sicilian_defense-104c90,the Sicilian Defense,the Sicilian Defense,the Sicilian Defense,1,ORG,Organization,REAL_WORLD,https://the-queens-gambit.fandom.com/wiki/Beth_Harmon
Organization:the_state_department-c540c1,the State Department,the State Department,the State Department,1,ORG,Organization,IN_UNIVERSE,https://the-queens-gambit.fandom.com/wiki/End_Game
Organization:the_u_s_government-018688,the U.S. Government,the U.S. Government,the U.S. Government,1,ORG,Organization,IN_UNIVERSE,https://the-queens-gambit.fandom.com/wiki/End_Game
Organization:the_white_house-6f3ef9,the White House,the White House,the White House,1,ORG,Organization,IN_UNIVERSE,https://the-queens-gambit.fandom.com/wiki/End_Game
RealPerson:albin-949c34,Albin,Albin,Albin,1,PERSON,RealPerson,REAL_WORLD,https://the-queens-gambit.fandom.com/wiki/Beth_Harmon
RealPerson:alec_bergland-06b400,Alec Bergland,Alec Bergland,Alec Bergland,1,PERSON,RealPerson,REAL_WORLD,https://the-queens-gambit.fandom.com/wiki/Beth_Harmon
RealPerson:alice-c9386a,Alice,Alice,Alice,3,PERSON,RealPerson,REAL_WORLD,https://the-queens-gambit.fandom.com/wiki/Beth_Harmon
RealPerson:alice_harmon-fe3b25,Alice Harmon,Alice Harmon,Alice Harmon,2,PERSON,RealPerson,REAL_WORLD,https://the-queens-gambit.fandom.com/wiki/Beth_Harmon
RealPerson:allston_wheatley-41e2d6,Allston Wheatley,Allston Wheatley,Allston Wheatley,1,PERSON,RealPerson,REAL_WORLD,https://the-queens-gambit.fandom.com/wiki/Beth_Harmon
RealPerson:alma-072166,Alma,Alma,Alma,5,PERSON,RealPerson,REAL_WORLD,https://the-queens-gambit.fandom.com/wiki/Beth_Harmon
RealPerson:annabeth_kelly-4fb0f5,Annabeth Kelly,Annabeth Kelly,Annabeth Kelly,1,PERSON,RealPerson,REAL_WORLD,https://the-queens-gambit.fandom.com/wiki/Beth_Harmon
RealPerson:annette-180865,Annette,Annette,Annette,2,PERSON,RealPerson,REAL_WORLD,https://the-queens-gambit.fandom.com/wiki/Beth_Harmon
RealPerson:annette_packer-f73dd2,Annette Packer,Annette Packer,Annette Packer,1,PERSON,RealPerson,REAL_WORLD,https://the-queens-gambit.fandom.com/wiki/Beth_Harmon
RealPerson:anya_taylor_joy-ef2a62,Anya Taylor-Joy,Anya Taylor-Joy,Anya Taylor-Joy,2,PERSON,RealPerson,REAL_WORLD,https://the-queens-gambit.fandom.com/wiki/Beth_Harmon
RealPerson:arthur_levertov-7d5145,Arthur Levertov,Arthur Levertov,Arthur Levertov,1,PERSON,RealPerson,REAL_WORLD,https://the-queens-gambit.fandom.com/wiki/Beth_Harmon
RealPerson:beltik-ebecb7,Beltik,Beltik,Beltik,14,PERSON,RealPerson,REAL_WORLD,https://the-queens-gambit.fandom.com/wiki/Beth_Harmon
RealPerson:beltik_h-585105,Beltik H,Beltik H.,Beltik H.,1,PERSON,RealPerson,REAL_WORLD,https://the-queens-gambit.fandom.com/wiki/Beth_Harmon
RealPerson:benny-270f2f,Benny,Benny,Benny,18,PERSON,RealPerson,REAL_WORLD,https://the-queens-gambit.fandom.com/wiki/Beth_Harmon
RealPerson:benny_watts-31c593,Benny Watts,Benny Watts,Benny Watts,5,PERSON,RealPerson,REAL_WORLD,https://the-queens-gambit.fandom.com/wiki/Beth_Harmon
RealPerson:bergland-4cab8f,Bergland,Bergland,Bergland,1,PERSON,RealPerson,REAL_WORLD,https://the-queens-gambit.fandom.com/wiki/Beth_Harmon
RealPerson:beth-396d7b,Beth,Beth,Beth,60,PERSON,RealPerson,REAL_WORLD,https://the-queens-gambit.fandom.com/wiki/Beth_Harmon
RealPerson:beth_harmon-a3ff9f,Beth Harmon,Beth Harmon,Beth Harmon,1,PERSON,RealPerson,REAL_WORLD,https://the-queens-gambit.fandom.com/wiki/Beth_Harmon
RealPerson:booth-17a609,Booth,Booth,Booth,1,PERSON,RealPerson,REAL_WORLD,https://the-queens-gambit.fandom.com/wiki/Beth_Harmon
RealPerson:borgov-ca901a,Borgov,Borgov,Borgov,22,PERSON,RealPerson,REAL_WORLD,https://the-queens-gambit.fandom.com/wiki/Beth_Harmon
RealPerson:bulova-37429c,Bulova,Bulova,Bulova,1,PERSON,RealPerson,REAL_WORLD,https://the-queens-gambit.fandom.com/wiki/Beth_Harmon
RealPerson:charles_levy-7cec21,Charles Levy,Charles Levy,Charles Levy,1,PERSON,RealPerson,REAL_WORLD,https://the-queens-gambit.fandom.com/wiki/Beth_Harmon
RealPerson:cleo-481c9e,Cleo,Cleo,Cleo,2,PERSON,RealPerson,REAL_WORLD,https://the-queens-gambit.fandom.com/wiki/Beth_Harmon
RealPerson:cloe-6c755b,Cloe,Cloe,Cloe,2,PERSON,RealPerson,REAL_WORLD,https://the-queens-gambit.fandom.com/wiki/Beth_Harmon
RealPerson:cooke-b1c6cc,Cooke,Cooke,Cooke,1,PERSON,RealPerson,REAL_WORLD,https://the-queens-gambit.fandom.com/wiki/Beth_Harmon
RealPerson:d_l_townes-3a054a,D.L Townes,D.L Townes,D.L Townes,1,PERSON,RealPerson,REAL_WORLD,https://the-queens-gambit.fandom.com/wiki/Beth_Harmon
RealPerson:d_l_townes-628428,D.L. Townes,D.L. Townes,D.L. Townes,1,PERSON,RealPerson,REAL_WORLD,https://the-queens-gambit.fandom.com/wiki/Beth_Harmon
RealPerson:darga-72cd69,Darga,Darga,Darga,1,PERSON,RealPerson,REAL_WORLD,https://the-queens-gambit.fandom.com/wiki/Beth_Harmon
RealPerson:deardorff-cc78f6,Deardorff,Deardorff,Deardorff,2,PERSON,RealPerson,REAL_WORLD,https://the-queens-gambit.fandom.com/wiki/Beth_Harmon
RealPerson:diana_lanni-7a7025,Diana Lanni,Diana Lanni,Diana Lanni,1,PERSON,RealPerson,REAL_WORLD,https://the-queens-gambit.fandom.com/wiki/Beth_Harmon
RealPerson:dick_evans-f40379,Dick Evans,Dick Evans,Dick Evans,1,PERSON,RealPerson,REAL_WORLD,https://the-queens-gambit.fandom.com/wiki/Beth_Harmon
RealPerson:diedrich-29d297,Diedrich,Diedrich,Diedrich,2,PERSON,RealPerson,REAL_WORLD,https://the-queens-gambit.fandom.com/wiki/Beth_Harmon
RealPerson:duhamel-e2a2c8,Duhamel,Duhamel,Duhamel,2,PERSON,RealPerson,REAL_WORLD,https://the-queens-gambit.fandom.com/wiki/Beth_Harmon
RealPerson:e_shapkin-716172,E. Shapkin,E. Shapkin,E. Shapkin,1,PERSON,RealPerson,REAL_WORLD,https://the-queens-gambit.fandom.com/wiki/Beth_Harmon
RealPerson:elizabeth_beth_olivia_harmon-267a89,"Elizabeth ""Beth"" Olivia Harmon","Elizabeth ""Beth"" Olivia Harmon","Elizabeth ""Beth"" Olivia Harmon",1,PERSON,RealPerson,REAL_WORLD,https://the-queens-gambit.fandom.com/wiki/Beth_Harmon
RealPerson:elizabeth_harmon-0a1f94,Elizabeth Harmon,Elizabeth Harmon,Elizabeth Harmon,8,PERSON,RealPerson,REAL_WORLD,https://the-queens-gambit.fandom.com/wiki/Beth_Harmon
RealPerson:fergussen-907c33,Fergussen,Fergussen,Fergussen,1,PERSON,RealPerson,REAL_WORLD,https://the-queens-gambit.fandom.com/wiki/Beth_Harmon
RealPerson:flento-572905,Flento,Flento,Flento,3,PERSON,RealPerson,REAL_WORLD,https://the-queens-gambit.fandom.com/wiki/Beth_Harmon
RealPerson:fork-6e0d3c,Fork,Fork,Fork,1,PERSON,RealPerson,REAL_WORLD,https://the-queens-gambit.fandom.com/wiki/Beth_Harmon
RealPerson:friedman-bbb15f,Friedman,Friedman,Friedman,1,PERSON,RealPerson,REAL_WORLD,https://the-queens-gambit.fandom.com/wiki/Beth_Harmon
RealPerson:ganz-2471c7,Ganz,Ganz,Ganz,8,PERSON,RealPerson,REAL_WORLD,https://the-queens-gambit.fandom.com/wiki/Beth_Harmon
RealPerson:georgi-c719b6,Georgi,Georgi,Georgi,1,PERSON,RealPerson,REAL_WORLD,https://the-queens-gambit.fandom.com/wiki/Beth_Harmon
RealPerson:georgi_girev-4acfdc,Georgi Girev,Georgi Girev,Georgi Girev,1,PERSON,RealPerson,REAL_WORLD,https://the-queens-gambit.fandom.com/wiki/Beth_Harmon
RealPerson:girev-619b31,Girev,Girev,Girev,1,PERSON,RealPerson,REAL_WORLD,https://the-queens-gambit.fandom.com/wiki/Beth_Harmon
RealPerson:goldman-73b039,Goldman,Goldman,Goldman,1,PERSON,RealPerson,REAL_WORLD,https://the-queens-gambit.fandom.com/wiki/Beth_Harmon
RealPerson:grandmaster-a16bb6,Grandmaster,Grandmaster,Grandmaster,1,PERSON,RealPerson,REAL_WORLD,https://the-queens-gambit.fandom.com/wiki/Beth_Harmon
RealPerson:harmon-8c7d92,Harmon,Harmon,Harmon,191,PERSON,RealPerson,REAL_WORLD,https://the-queens-gambit.fandom.com/wiki/Beth_Harmon
RealPerson:harmon_e-865a18,Harmon E,Harmon E.,Harmon E.,1,PERSON,RealPerson,REAL_WORLD,https://the-queens-gambit.fandom.com/wiki/Beth_Harmon
RealPerson:harry-98fe7f,Harry,Harry,Harry,9,PERSON,RealPerson,REAL_WORLD,https://the-queens-gambit.fandom.com/wiki/Beth_Harmon
RealPerson:harry_beltik-377296,Harry Beltik,Harry Beltik,Harry Beltik,2,PERSON,RealPerson,REAL_WORLD,https://the-queens-gambit.fandom.com/wiki/Beth_Harmon
RealPerson:hellstrom-1ffc1d,Hellstrom,Hellstrom,Hellstrom,2,PERSON,RealPerson,REAL_WORLD,https://the-queens-gambit.fandom.com/wiki/Beth_Harmon
RealPerson:hilton_wexler-1f6fec,Hilton Wexler,Hilton Wexler,Hilton Wexler,1,PERSON,RealPerson,REAL_WORLD,https://the-queens-gambit.fandom.com/wiki/Beth_Harmon
RealPerson:hou_yifan-b82958,Hou Yifan,Hou Yifan,Hou Yifan,1,PERSON,RealPerson,REAL_WORLD,https://the-queens-gambit.fandom.com/wiki/Beth_Harmon
RealPerson:isla_johnston-23ebe8,Isla Johnston,Isla Johnston,Isla Johnston,1,PERSON,RealPerson,REAL_WORLD,https://the-queens-gambit.fandom.com/wiki/Beth_Harmon
RealPerson:jolene-ae67ae,Jolene,Jolene,Jolene,20,PERSON,RealPerson,REAL_WORLD,https://the-queens-gambit.fandom.com/wiki/Beth_Harmon
RealPerson:judit_polg_r-223c91,Judit Polgár,Judit Polgár,Judit Polgár,2,PERSON,RealPerson,REAL_WORLD,https://the-queens-gambit.fandom.com/wiki/Beth_Harmon
RealPerson:laev-9510c0,Laev,Laev,Laev,3,PERSON,RealPerson,REAL_WORLD,https://the-queens-gambit.fandom.com/wiki/Beth_Harmon
RealPerson:lanni-c57786,Lanni,Lanni,Lanni,1,PERSON,RealPerson,REAL_WORLD,https://the-queens-gambit.fandom.com/wiki/Beth_Harmon
RealPerson:levenfish-881e3d,Levenfish,Levenfish,Levenfish,1,PERSON,RealPerson,REAL_WORLD,https://the-queens-gambit.fandom.com/wiki/Beth_Harmon
RealPerson:luchenko-5c627a,Luchenko,Luchenko,Luchenko,4,PERSON,RealPerson,REAL_WORLD,https://the-queens-gambit.fandom.com/wiki/Beth_Harmon
RealPerson:malovicz-955e0b,Malovicz,Malovicz,Malovicz,1,PERSON,RealPerson,REAL_WORLD,https://the-queens-gambit.fandom.com/wiki/Beth_Harmon
RealPerson:manfredi-09b3b2,Manfredi,Manfredi,Manfredi,1,PERSON,RealPerson,REAL_WORLD,https://the-queens-gambit.fandom.com/wiki/Beth_Harmon
RealPerson:margaret-f7e1bb,Margaret,Margaret,Margaret,2,PERSON,RealPerson,REAL_WORLD,https://the-queens-gambit.fandom.com/wiki/Beth_Harmon
RealPerson:mary_sue-adddfe,Mary-Sue,Mary-Sue,Mary-Sue,2,PERSON,RealPerson,REAL_WORLD,https://the-queens-gambit.fandom.com/wiki/Beth_Harmon
RealPerson:matt-87b290,Matt,Matt,Matt,1,PERSON,RealPerson,REAL_WORLD,https://the-queens-gambit.fandom.com/wiki/Beth_Harmon
RealPerson:mcdonnell-191717,McDonnell,McDonnell,McDonnell,1,PERSON,RealPerson,REAL_WORLD,https://the-queens-gambit.fandom.com/wiki/Beth_Harmon
RealPerson:mike-b6da1c,Mike,Mike,Mike,3,PERSON,RealPerson,REAL_WORLD,https://the-queens-gambit.fandom.com/wiki/Beth_Harmon
RealPerson:morphy-d58503,Morphy,Morphy,Morphy,2,PERSON,RealPerson,REAL_WORLD,https://the-queens-gambit.fandom.com/wiki/Beth_Harmon
RealPerson:najdorf-a6c06e,Najdorf,Najdorf,Najdorf,2,PERSON,RealPerson,REAL_WORLD,https://the-queens-gambit.fandom.com/wiki/Beth_Harmon
RealPerson:octavio_marenco-fb3b39,Octavio Marenco,Octavio Marenco,Octavio Marenco,1,PERSON,RealPerson,REAL_WORLD,https://the-queens-gambit.fandom.com/wiki/Beth_Harmon
RealPerson:p_darga-a5a0d5,P. Darga,P. Darga,P. Darga,1,PERSON,RealPerson,REAL_WORLD,https://the-queens-gambit.fandom.com/wiki/Beth_Harmon
RealPerson:p_w_sergeant-7694cb,P. W. Sergeant,P. W. Sergeant,P. W. Sergeant,1,PERSON,RealPerson,REAL_WORLD,https://the-queens-gambit.fandom.com/wiki/Beth_Harmon
RealPerson:packer-3967ea,Packer,Packer,Packer,1,PERSON,RealPerson,REAL_WORLD,https://the-queens-gambit.fandom.com/wiki/Beth_Harmon
RealPerson:paul-85a56a,Paul,Paul,Paul,4,PERSON,RealPerson,REAL_WORLD,https://the-queens-gambit.fandom.com/wiki/Beth_Harmon
RealPerson:paul_morphy-963080,Paul Morphy,Paul Morphy,Paul Morphy,1,PERSON,RealPerson,REAL_WORLD,https://the-queens-gambit.fandom.com/wiki/Beth_Harmon
RealPerson:polg_r-8cb6a7,Polgár,Polgár,Polgár,3,PERSON,RealPerson,REAL_WORLD,https://the-queens-gambit.fandom.com/wiki/Beth_Harmon
RealPerson:r_uljanov-452fe1,R. Uljanov,R. Uljanov,R. Uljanov,1,PERSON,RealPerson,REAL_WORLD,https://the-queens-gambit.fandom.com/wiki/Beth_Harmon
RealPerson:rossolimo-66f272,Rossolimo,Rossolimo,Rossolimo,1,PERSON,RealPerson,REAL_WORLD,https://the-queens-gambit.fandom.com/wiki/Beth_Harmon
RealPerson:rudolph-fc52d2,Rudolph,Rudolph,Rudolph,2,PERSON,RealPerson,REAL_WORLD,https://the-queens-gambit.fandom.com/wiki/Beth_Harmon
RealPerson:s_malovicz-0510c9,S. Malovicz,S. Malovicz,S. Malovicz,1,PERSON,RealPerson,REAL_WORLD,https://the-queens-gambit.fandom.com/wiki/Beth_Harmon
RealPerson:samantha-963d7e,Samantha,Samantha,Samantha,1,PERSON,RealPerson,REAL_WORLD,https://the-queens-gambit.fandom.com/wiki/Beth_Harmon
RealPerson:shaibel-340fdd,Shaibel,Shaibel,Shaibel,29,PERSON,RealPerson,REAL_WORLD,https://the-queens-gambit.fandom.com/wiki/Beth_Harmon
RealPerson:shapkin-588cbc,Shapkin,Shapkin,Shapkin,2,PERSON,RealPerson,REAL_WORLD,https://the-queens-gambit.fandom.com/wiki/Beth_Harmon
RealPerson:sizemore-98dd42,Sizemore,Sizemore,Sizemore,3,PERSON,RealPerson,REAL_WORLD,https://the-queens-gambit.fandom.com/wiki/Beth_Harmon
RealPerson:tevis-9e55ed,Tevis,Tevis,Tevis,2,PERSON,RealPerson,REAL_WORLD,https://the-queens-gambit.fandom.com/wiki/Beth_Harmon
RealPerson:townes-ceeffb,Townes,Townes,Townes,11,PERSON,RealPerson,REAL_WORLD,https://the-queens-gambit.fandom.com/wiki/Beth_Harmon
RealPerson:uljanov-3e9597,Uljanov,Uljanov,Uljanov,1,PERSON,RealPerson,REAL_WORLD,https://the-queens-gambit.fandom.com/wiki/Beth_Harmon
RealPerson:vasily_borgov-bb0b07,Vasily Borgov,Vasily Borgov,Vasily Borgov,6,PERSON,RealPerson,REAL_WORLD,https://the-queens-gambit.fandom.com/wiki/Beth_Harmon
RealPerson:w_c_griffith-e9e34f,W. C. Griffith,W. C. Griffith,W. C. Griffith,1,PERSON,RealPerson,REAL_WORLD,https://the-queens-gambit.fandom.com/wiki/Beth_Harmon
RealPerson:walter_tevis-36bc4f,Walter Tevis,Walter Tevis,Walter Tevis,1,PERSON,RealPerson,REAL_WORLD,https://the-queens-gambit.fandom.com/wiki/Beth_Harmon
RealPerson:watts-454a86,Watts,Watts,Watts,2,PERSON,RealPerson,REAL_WORLD,https://the-queens-gambit.fandom.com/wiki/Beth_Harmon
RealPerson:weiss-9df278,Weiss,Weiss,Weiss,1,PERSON,RealPerson,REAL_WORLD,https://the-queens-gambit.fandom.com/wiki/Beth_Harmon
RealPerson:wheatley-3f5031,Wheatley,Wheatley,Wheatley,11,PERSON,RealPerson,REAL_WORLD,https://the-queens-gambit.fandom.com/wiki/Beth_Harmon
RealPerson:wheatleys-60f3ac,Wheatleys,Wheatleys,Wheatleys,1,PERSON,RealPerson,REAL_WORLD,https://the-queens-gambit.fandom.com/wiki/Beth_Harmon
